{"cameraMode":{"drawMode":0,"name":"Shaded","section":"Shading Mode"},"sceneLighting":false,"audioPlay":false,"sceneViewState":{"m_AlwaysRefresh":false,"showFog":true,"showSkybox":false,"showFlares":true,"showImageEffects":true,"showParticleSystems":true,"showVisualEffectGraphs":true,"m_FxEnabled":true},"in2DMode":false,"pivot":{"x":0.07016165554523468,"y":1.0639444589614869,"z":-13.524760246276856},"rotation":{"x":0.46270474791526797,"y":0.3159386217594147,"z":-0.18085230886936189,"w":0.8083216547966003},"size":1.9330124855041505,"orthographic":false}