{"cameraMode":{"drawMode":0,"name":"Shaded","section":"Shading Mode"},"sceneLighting":false,"audioPlay":false,"sceneViewState":{"m_AlwaysRefresh":false,"showFog":true,"showSkybox":false,"showFlares":true,"showImageEffects":true,"showParticleSystems":true,"showVisualEffectGraphs":true,"m_FxEnabled":true},"in2DMode":false,"pivot":{"x":0.02368198335170746,"y":0.06236780062317848,"z":0.7282521724700928},"rotation":{"x":-0.05085635185241699,"y":0.6771491765975952,"z":-0.04700808227062225,"w":-0.7325804233551025},"size":0.5187746286392212,"orthographic":true}