{"cameraMode":{"drawMode":0,"name":"Shaded","section":"Shading Mode"},"sceneLighting":false,"audioPlay":false,"sceneViewState":{"m_AlwaysRefresh":false,"showFog":true,"showSkybox":false,"showFlares":true,"showImageEffects":true,"showParticleSystems":true,"showVisualEffectGraphs":true,"m_FxEnabled":true},"in2DMode":false,"pivot":{"x":1.2977328300476075,"y":0.17224012315273286,"z":2.273038387298584},"rotation":{"x":-0.05085635185241699,"y":0.6771491765975952,"z":-0.04700808227062225,"w":-0.7325804233551025},"size":0.37467077374458315,"orthographic":true}