{"cameraMode":{"drawMode":0,"name":"Shaded","section":"Shading Mode"},"sceneLighting":false,"audioPlay":false,"sceneViewState":{"m_AlwaysRefresh":false,"showFog":true,"showSkybox":false,"showFlares":true,"showImageEffects":true,"showParticleSystems":true,"showVisualEffectGraphs":true,"m_FxEnabled":true},"in2DMode":false,"pivot":{"x":0.016895830631256105,"y":-0.0015902239829301835,"z":0.2171059399843216},"rotation":{"x":-0.05085635185241699,"y":0.6771491765975952,"z":-0.04700808227062225,"w":-0.7325804233551025},"size":0.3509666323661804,"orthographic":true}