{"cameraMode":{"drawMode":0,"name":"Shaded","section":"Shading Mode"},"sceneLighting":false,"audioPlay":false,"sceneViewState":{"m_AlwaysRefresh":false,"showFog":true,"showSkybox":false,"showFlares":true,"showImageEffects":true,"showParticleSystems":true,"showVisualEffectGraphs":true,"m_FxEnabled":true},"in2DMode":false,"pivot":{"x":-0.11207282543182373,"y":4.911614894866943,"z":0.7324410676956177},"rotation":{"x":0.08876089006662369,"y":-0.7070838212966919,"z":0.09021401405334473,"w":0.6957182884216309},"size":1.062608242034912,"orthographic":true}