{"cameraMode":{"drawMode":0,"name":"Shaded","section":"Shading Mode"},"sceneLighting":false,"audioPlay":false,"sceneViewState":{"m_AlwaysRefresh":false,"showFog":true,"showSkybox":false,"showFlares":true,"showImageEffects":true,"showParticleSystems":true,"showVisualEffectGraphs":true,"m_FxEnabled":true},"in2DMode":false,"pivot":{"x":7.134533882141113,"y":-0.18625780940055848,"z":-0.5101261138916016},"rotation":{"x":0.42549842596054079,"y":-0.09069328010082245,"z":0.04290712624788284,"w":0.8993807435035706},"size":2.719907760620117,"orthographic":true}