{"cameraMode":{"drawMode":0,"name":"Shaded","section":"Shading Mode"},"sceneLighting":false,"audioPlay":false,"sceneViewState":{"m_AlwaysRefresh":false,"showFog":true,"showSkybox":false,"showFlares":true,"showImageEffects":true,"showParticleSystems":true,"showVisualEffectGraphs":true,"m_FxEnabled":true},"in2DMode":false,"pivot":{"x":-0.5912598371505737,"y":0.306089848279953,"z":9.047487258911133},"rotation":{"x":0.04167383536696434,"y":-0.9582806825637817,"z":0.19495001435279847,"w":0.20484748482704163},"size":1.6546889543533326,"orthographic":true}