{"cameraMode":{"drawMode":0,"name":"Shaded","section":"Shading Mode"},"sceneLighting":false,"audioPlay":false,"sceneViewState":{"m_AlwaysRefresh":false,"showFog":true,"showSkybox":false,"showFlares":true,"showImageEffects":true,"showParticleSystems":true,"showVisualEffectGraphs":true,"m_FxEnabled":true},"in2DMode":false,"pivot":{"x":-4.292665481567383,"y":0.10279715061187744,"z":2.0639548301696779},"rotation":{"x":0.3255344033241272,"y":-0.0651715099811554,"z":0.02249760366976261,"w":0.9430145621299744},"size":1.3668272495269776,"orthographic":true}